曲名,アーティスト,アルバム,再生時間,ビットレート(kbps),サンプリングレート(Hz),ファイルサイズ(MB),拡張子,ファイルパス
"David Aaron Carpenter: The 12 Seasons for Viola (Vivaldi, Piazzolla, Shor)",,,7:56,192,44100,10.9,.mp3,E:\MUSIC\2 classical\The 12 Seasons for Viola .mp3
"Ave Maria, D. 839",Barbara Bonney · Geoffrey Parsons,Schubert : Lieder,6:19,192,44100,8.7,.mp3,"E:\MUSIC\2 classical\Ave Maria, D. 839.mp3"
J.S. Bach: The Violin Concertos,,,79:50,192,44100,109.7,.mp3,E:\MUSIC\2 classical\J.S. Bach_ The Violin Concertos.mp3
ベートーヴェン － 交響曲 第１番 ハ短調 Op.21　　カラヤン　ベルリンフィル,,,25:17,192,44100,34.8,.mp3,E:\MUSIC\2 classical\ベートーヴェン － 交響曲 第１番 ハ短調 Op.21　　カラヤン　ベルリンフィル.mp3
ベートーヴェン － 交響曲 第２番 ニ長調 Op.36　　カラヤン　ベルリンフィル,,,31:20,192,44100,43.1,.mp3,E:\MUSIC\2 classical\ベートーヴェン － 交響曲 第２番 ニ長調 Op.36　　カラヤン　ベルリンフィル.mp3
ベートーヴェン － 交響曲 第３番 変ホ長調 Op.55《英雄》　カラヤン　ベルリンフィル,,,50:06,192,44100,68.9,.mp3,E:\MUSIC\2 classical\ベートーヴェン － 交響曲 第３番 変ホ長調 Op.55《英雄》　カラヤン　ベルリンフィル.mp3
ベートーヴェン － 交響曲 第４番 変ロ長調 Op.60　　カラヤン　ベルリンフィル,,,31:01,192,44100,42.7,.mp3,E:\MUSIC\2 classical\ベートーヴェン － 交響曲 第４番 変ロ長調 Op.60　　カラヤン　ベルリンフィル.mp3
ベートーヴェン － 交響曲第５番《運命》Ｏｐ67　交響曲第６番《田園》Ｏｐ68　　カラヤン　ベルリンフィル　1962,,,67:16,192,44100,92.4,.mp3,E:\MUSIC\2 classical\ベートーヴェン － 交響曲 第５番《運命》Ｏｐ67　交響曲第６番《田園》Ｏｐ68　　カラヤン　ベルリンフィル　1962.mp3
ベートーヴェン － 交響曲 第７番 イ長調 Op.92　　カラヤン　ベルリンフィル,,,34:05,192,44100,46.9,.mp3,E:\MUSIC\2 classical\ベートーヴェン － 交響曲 第７番 イ長調 Op.92　　カラヤン　ベルリンフィル.mp3
ベートーヴェン － 交響曲 第８番 ヘ長調 Op.93　　カラヤン　ベルリンフィル,,,26:24,192,44100,36.3,.mp3,E:\MUSIC\2 classical\ベートーヴェン － 交響曲 第８番 ヘ長調 Op.93　　カラヤン　ベルリンフィル.mp3
ベートーヴェン － 交響曲 第９番 ニ短調 Op.125《合唱》　カラヤン　ベルリンフィル　1962　（日本語訳付き）,,,66:59,192,44100,92.1,.mp3,E:\MUSIC\2 classical\ベートーヴェン － 交響曲 第９番 ニ短調 Op.125《合唱》　カラヤン　ベルリンフィル　1962　（日本語訳付き）.mp3
"ベートーヴェン ピアノ・ソナタ 第8番 ≪悲 愴≫ ホロヴィッツ  Beethoven ""Grande Sonate pathetique""",,,18:33,192,44100,25.5,.mp3,E:\MUSIC\2 classical\ベートーヴェン ピアノ・ソナタ 第8番 ≪悲 愴≫ ホロヴィッツ  Beethoven Grande Sonate pathetique.mp3
Bolero  (Gergiev),,,17:30,192,44100,24.1,.mp3,E:\MUSIC\2 classical\Bolero  (Gergiev).mp3
,,,72:58,125,44100,66.3,.m4a,E:\MUSIC\2 classical\Debussy.m4a
Coro Madrigale (2008),"Jesus, bleibet meine Freude",,3:22,192,44100,4.7,.mp3,E:\MUSIC\2 classical\Desiring.mp3
"Beethoven: String Quartet No. 4 in C Minor, Op. 18 No. 4 - 1. Allegro ma non tanto",Emerson String Quartet,Beethoven:The String Quartets,8:11,192,44100,11.3,.mp3,"E:\MUSIC\2 classical\Emerson String Quartet - Beethoven_ String Quartet No. 4 in C Minor, Op. 18 No. 4 - 1. Allegro ma non tanto.mp3"
"Beethoven: String Quartet No. 4 in C Minor, Op. 18 No. 4 - 3. Menuetto. Allegretto",Emerson String Quartet,Beethoven:The String Quartets,3:22,192,44100,4.7,.mp3,"E:\MUSIC\2 classical\Emerson String Quartet - Beethoven_ String Quartet No. 4 in C Minor, Op. 18 No. 4 - 3. Menuetto. Allegretto.mp3"
Hungarian Dance No.5,Brahms,,2:24,192,44100,3.4,.mp3,E:\MUSIC\2 classical\Brahms - Hungarian Dance No.5.mp3
Prince Igor,Alexander Borodin,,10:55,192,44100,15.0,.mp3,E:\MUSIC\2 classical\Alexander Borodin - Prince Igor.mp3
"Mozart: Sinfonia concertante for Violin, Viola and Orchestra in E flat, K.364 - 3. Presto",Arthur Grumiaux · Arrigo Pelliccia · London Symphony Orchestra · Sir Colin Davis,Mozart: Violin Concertos Nos. 1/5 etc.,6:19,192,44100,8.7,.mp3,"E:\MUSIC\2 classical\Arthur Grumiaux · Arrigo Pelliccia · London Symphony Orchestra · Sir Colin Davis - Mozart_ Sinfonia concertante for Violin, Viola and Orchestra in E flat, K.364 - 3. Presto.mp3"
,,,4:28,320,44100,10.2,.mp3,E:\MUSIC\2 classical\La Campanella.mp3
Hungarian Rhapsody No.2 (Orchestra version),Franz Liszt,,10:31,192,44100,14.5,.mp3,E:\MUSIC\2 classical\Franz Liszt - Hungarian Rhapsody No.2 (Orchestra version).mp3
"Complete Symphonies 21-41 Jupiter, Paris, Prague.. (Century's recording : Josef Krips)",Mozart,,387:17,192,44100,532.0,.mp3,"E:\MUSIC\2 classical\Mozart - Complete Symphonies 21-41 Jupiter, Paris, Prague.. (Century's recording _ Josef Krips).mp3"
"Dvořák: Symphony No. 9 ""From the New World"" / Karajan · Berliner Philharmoniker",,,3:04,192,44100,4.5,.mp3,E:\MUSIC\2 classical\Dvořák_ Symphony No. 9 From the New World _ Karajan · Berliner Philharmoniker.mp3
The Best Of Opera Masterpieces . 6 Hours CLASSICAL MUSIC NON STOP.,,,404:35,192,44100,555.7,.mp3,E:\MUSIC\2 classical\Opera Masterpieces.mp3
The Second Waltz (Piano) // SHOSTAKOVICH,,,3:59,192,44100,5.6,.mp3,E:\MUSIC\2 classical\The Second Waltz.mp3
The Best of Shostakovich,,,209:29,192,44100,287.7,.mp3,E:\MUSIC\2 classical\Shostakovich.mp3
,,,5:44,125,44100,5.2,.m4a,"E:\MUSIC\2 classical\Eine Kleine Nachtmusik, K 525 Allegro.m4a"
,,,4:11,320,44100,9.6,.mp3,E:\MUSIC\2 classical\Antonio Vivaldi  Concierto alla Rustica RV 151 en Sol Mayor - Obra Completa.mp3
,,,2:57,125,44100,2.7,.m4a,E:\MUSIC\2 classical\Antonio Vivaldi - Storm_2.m4a
メンデルスゾーン ピアノ三重奏曲 第1番 ニ短調 Op 49  mendelssohn   piano trio no. 1,,,28:15,192,44100,38.8,.mp3,E:\MUSIC\2 classical\mendelssohn   piano trio no. 1.mp3
ワーグナー: 歌劇｢ローエングリン｣：婚礼の合唱［ナクソス・クラシック・キュレーション #癒し］,,,4:53,192,44100,6.8,.mp3,E:\MUSIC\2 classical\婚礼の合唱.mp3
,,,6:47,127,44100,6.3,.m4a,"E:\MUSIC\2 classical\Beethoven Moonlight Sonata, III Presto Agitato Valentina Lisitsa.m4a"
,,,25:49,128,44100,23.7,.mp3,"E:\MUSIC\2 classical\Mozart  Symphony No. 40, Walter   ColumbiaSO (1959) モーツァルト 交響曲第40番 ワルター.mp3"
,,,27:08,128,44100,24.9,.mp3,"E:\MUSIC\2 classical\Mozart - Symphony No. 41 in C major, K. 551, Jupiter.mp3"
,,,3:20,128,44100,3.1,.mp3,E:\MUSIC\2 classical\Mozart - Lacrimosa.mp3
,,,2:23,128,44100,2.3,.mp3,E:\MUSIC\2 classical\Ｊ.Ｓ.バッハ 無伴奏チェロ組曲　第1番～プレリュード～／中木健二.mp3
,,,3:03,128,44100,2.9,.mp3,E:\MUSIC\2 classical\Ave verum corpus K 618.mp3
,,,76:30,128,44100,70.1,.mp3,E:\MUSIC\2 classical\Bach  Goldberg Variations - András Schiff (2017).mp3
,,,26:48,128,44100,24.6,.mp3,"E:\MUSIC\2 classical\Sabine Meyer, Mozart Clarinet Concerto in A major Kv 622.mp3"
,,,35:40,128,44100,32.7,.mp3,"E:\MUSIC\2 classical\Beethoven - Symphony No. 6 Pastoral   Remastered (r  Herbert von Karajan, Berliner Philharmoniker).mp3"
,,,187:49,128,44100,172.0,.mp3,E:\MUSIC\2 classical\【長時間作業用BGM】モーツァルト：弦楽五重奏曲全集 ／ MOZART   The Complete String Quintets.mp3
,,,10:21,128,44100,9.6,.mp3,"E:\MUSIC\2 classical\Mozart  Divertimento in B-flat major, K. 137 125b (with Score).mp3"
,,,14:25,128,44100,13.3,.mp3,"E:\MUSIC\2 classical\Mozart - Divertimento in D major, K. 136 (1772).mp3"
,,,47:52,128,44100,43.9,.mp3,"E:\MUSIC\2 classical\Mozart  Divertimento No. 17 in D major, K. 334 320b (with Score).mp3"
エッグプラネット　BGM　スーパーマリオギャラクシー,,,3:07,192,44100,4.4,.mp3,E:\MUSIC\1 SMG & mkw\エッグプラネット　BGM　スーパーマリオギャラクシー.mp3
スターダスト　BGM　スーパーマリオギャラクシー,,,3:34,192,44100,5.0,.mp3,E:\MUSIC\1 SMG & mkw\スターダスト　BGM　スーパーマリオギャラクシー.mp3
バトルロック　BGM　スーパーマリオギャラクシー,,,3:20,192,44100,4.7,.mp3,E:\MUSIC\1 SMG & mkw\バトルロック　BGM　スーパーマリオギャラクシー.mp3
フローターランド(海中)　BGM　スーパーマリオギャラクシー,,,3:16,192,44100,4.6,.mp3,E:\MUSIC\1 SMG & mkw\フローターランド(海中)　BGM　スーパーマリオギャラクシー.mp3
,,,3:16,320,44100,7.5,.mp3,E:\MUSIC\1 SMG & mkw\フローターランド.mp3
ヘルプロミネンス　BGM　スーパーマリオギャラクシー,,,4:15,192,44100,6.0,.mp3,E:\MUSIC\1 SMG & mkw\ヘルプロミネンス　BGM　スーパーマリオギャラクシー.mp3
青空アスレチック　BGM　スーパーマリオギャラクシー,,,1:20,192,44100,2.0,.mp3,E:\MUSIC\1 SMG & mkw\青空アスレチック　BGM　スーパーマリオギャラクシー.mp3
Super Mario Galaxy 2,Another Story,,1:31,192,44100,2.2,.mp3,E:\MUSIC\1 SMG & mkw\Another Story - Super Mario Galaxy 2.mp3
Super Mario Galaxy 2,Awawawawa!,,0:37,192,44100,1.0,.mp3,E:\MUSIC\1 SMG & mkw\Awawawawa! - Super Mario Galaxy 2.mp3
Super Mario Galaxy 2,Ball Rolling,,1:02,192,44100,1.6,.mp3,E:\MUSIC\1 SMG & mkw\Ball Rolling - Super Mario Galaxy 2.mp3
Super Mario Galaxy 2,Beat Block (Yoshi),,0:56,192,44100,1.4,.mp3,E:\MUSIC\1 SMG & mkw\Beat Block (Yoshi) - Super Mario Galaxy 2.mp3
Super Mario Galaxy 2,Beat Block Galaxy,,0:56,192,44100,1.4,.mp3,E:\MUSIC\1 SMG & mkw\Beat Block Galaxy - Super Mario Galaxy 2.mp3
Super Mario Galaxy 2,Beta Song 1,,3:22,192,44100,4.8,.mp3,E:\MUSIC\1 SMG & mkw\Beta Song 1 - Super Mario Galaxy 2.mp3
Super Mario Galaxy 2,Beta Song 2,,1:55,192,44100,2.8,.mp3,E:\MUSIC\1 SMG & mkw\Beta Song 2 - Super Mario Galaxy 2.mp3
Super Mario Galaxy 2,Beta Song 3,,2:18,192,44100,3.3,.mp3,E:\MUSIC\1 SMG & mkw\Beta Song 3 - Super Mario Galaxy 2.mp3
Super Mario Galaxy 2,Boomsday,,3:08,192,44100,4.4,.mp3,E:\MUSIC\1 SMG & mkw\Boomsday - Super Mario Galaxy 2.mp3
Super Mario Galaxy 2,Boss Blitz Galaxy,,1:29,192,44100,2.2,.mp3,E:\MUSIC\1 SMG & mkw\Boss Blitz Galaxy - Super Mario Galaxy 2.mp3
Super Mario Galaxy 2,Bouldergeist,,1:56,192,44100,2.8,.mp3,E:\MUSIC\1 SMG & mkw\Bouldergeist - Super Mario Galaxy 2.mp3
Super Mario Galaxy 2,Bowser Jr.'s Fort,,1:52,192,44100,2.7,.mp3,E:\MUSIC\1 SMG & mkw\Bowser Jr.'s Fort - Super Mario Galaxy 2.mp3
Super Mario Galaxy 2,Bowser Jr.'s Fort (Yoshi),,1:59,192,44100,2.9,.mp3,E:\MUSIC\1 SMG & mkw\Bowser Jr.'s Fort (Yoshi) - Super Mario Galaxy 2.mp3
Super Mario Galaxy 2,"Bowser, Almighty Koopa King",,2:58,192,44100,4.2,.mp3,"E:\MUSIC\1 SMG & mkw\Bowser, Almighty Koopa King - Super Mario Galaxy 2.mp3"
Super Mario Galaxy 2,Bowser's Galaxy Generator,,3:12,192,44100,4.5,.mp3,E:\MUSIC\1 SMG & mkw\Bowser's Galaxy Generator - Super Mario Galaxy 2.mp3
Super Mario Galaxy 2,Bowser's Galaxy Generator (Yoshi),,3:20,192,44100,4.7,.mp3,E:\MUSIC\1 SMG & mkw\Bowser's Galaxy Generator (Yoshi) - Super Mario Galaxy 2.mp3
Super Mario Galaxy 2,Bowser's Lava Lair,,2:17,192,44100,3.3,.mp3,E:\MUSIC\1 SMG & mkw\Bowser's Lava Lair - Super Mario Galaxy 2.mp3
Super Mario Galaxy 2,Bunny Chasing,,1:56,192,44100,2.8,.mp3,E:\MUSIC\1 SMG & mkw\Bunny Chasing - Super Mario Galaxy 2.mp3
Super Mario Galaxy 2,Chimp's Challenge,,2:15,192,44100,3.2,.mp3,E:\MUSIC\1 SMG & mkw\Chimp's Challenge - Super Mario Galaxy 2.mp3
Super Mario Galaxy 2,Chompworks Galaxy,,2:04,192,44100,3.0,.mp3,E:\MUSIC\1 SMG & mkw\Chompworks Galaxy - Super Mario Galaxy 2.mp3
Super Mario Galaxy 2,Cloudy Court Galaxy,,3:41,192,44100,5.2,.mp3,E:\MUSIC\1 SMG & mkw\Cloudy Court Galaxy - Super Mario Galaxy 2.mp3
Super Mario Galaxy 2,Cosmic Clones,,1:31,192,44100,2.2,.mp3,E:\MUSIC\1 SMG & mkw\Cosmic Clones - Super Mario Galaxy 2.mp3
Super Mario Galaxy 2,Cosmic Cove Galaxy,,3:30,192,44100,5.0,.mp3,E:\MUSIC\1 SMG & mkw\Cosmic Cove Galaxy - Super Mario Galaxy 2.mp3
Super Mario Galaxy 2,Course Select,,0:42,192,44100,1.1,.mp3,E:\MUSIC\1 SMG & mkw\Course Select - Super Mario Galaxy 2.mp3
Super Mario Galaxy 2,Digga-Leg,,2:25,192,44100,3.5,.mp3,E:\MUSIC\1 SMG & mkw\Digga-Leg - Super Mario Galaxy 2.mp3
Super Mario Galaxy 2,Dino Piranha,,2:08,192,44100,3.1,.mp3,E:\MUSIC\1 SMG & mkw\Dino Piranha - Super Mario Galaxy 2.mp3
Super Mario Galaxy 2,Final Bowser Battle,,2:47,192,44100,4.0,.mp3,E:\MUSIC\1 SMG & mkw\Final Bowser Battle - Super Mario Galaxy 2.mp3
Super Mario Galaxy 2,Fire Mario,,0:40,192,44100,1.1,.mp3,E:\MUSIC\1 SMG & mkw\Fire Mario - Super Mario Galaxy 2.mp3
Super Mario Galaxy 2,Fleet Glide Galaxy,,2:23,192,44100,3.4,.mp3,E:\MUSIC\1 SMG & mkw\Fleet Glide Galaxy - Super Mario Galaxy 2.mp3
Super Mario Galaxy 2,Flip-Swap Galaxy,,1:01,192,44100,1.5,.mp3,E:\MUSIC\1 SMG & mkw\Flip-Swap Galaxy - Super Mario Galaxy 2.mp3
Super Mario Galaxy 2,Forest Dwellers,,0:50,192,44100,1.3,.mp3,E:\MUSIC\1 SMG & mkw\Forest Dwellers - Super Mario Galaxy 2.mp3
Super Mario Galaxy 2,Freezy Flake Galaxy,,2:33,192,44100,3.5,.mp3,E:\MUSIC\1 SMG & mkw\Freezy Flake Galaxy - Super Mario Galaxy 2.mp3
Super Mario Galaxy 2,Galaxy Intro,,0:10,192,44100,0.4,.mp3,E:\MUSIC\1 SMG & mkw\Galaxy Intro - Super Mario Galaxy 2.mp3
Super Mario Galaxy 2,Glamdozer,,2:00,192,44100,2.9,.mp3,E:\MUSIC\1 SMG & mkw\Glamdozer - Super Mario Galaxy 2.mp3
Super Mario Galaxy 2,Gobblegut,,1:57,192,44100,2.8,.mp3,E:\MUSIC\1 SMG & mkw\Gobblegut - Super Mario Galaxy 2.mp3
Super Mario Galaxy 2,Grand Star Get!,,0:16,192,44100,0.5,.mp3,E:\MUSIC\1 SMG & mkw\Grand Star Get! - Super Mario Galaxy 2.mp3
Super Mario Galaxy 2,Green Star,,2:04,192,44100,3.0,.mp3,E:\MUSIC\1 SMG & mkw\Green Star - Super Mario Galaxy 2.mp3
Super Mario Galaxy 2,Haunty Halls (Yoshi),,3:27,192,44100,4.9,.mp3,E:\MUSIC\1 SMG & mkw\Haunty Halls (Yoshi) - Super Mario Galaxy 2.mp3
Super Mario Galaxy 2,Haunty Halls Galaxy,,1:43,192,44100,2.5,.mp3,E:\MUSIC\1 SMG & mkw\Haunty Halls Galaxy - Super Mario Galaxy 2.mp3
Super Mario Galaxy 2,Hightail Falls (Yoshi),,1:31,192,44100,2.2,.mp3,E:\MUSIC\1 SMG & mkw\Hightail Falls (Yoshi) - Super Mario Galaxy 2.mp3
Super Mario Galaxy 2,Hightail Falls Galaxy,,1:30,192,44100,2.2,.mp3,E:\MUSIC\1 SMG & mkw\Hightail Falls Galaxy - Super Mario Galaxy 2.mp3
Super Mario Galaxy 2,Hint TV,,0:35,192,44100,0.9,.mp3,E:\MUSIC\1 SMG & mkw\Hint TV - Super Mario Galaxy 2.mp3
Super Mario Galaxy 2,Honeyhop Galaxy,,2:40,192,44100,3.8,.mp3,E:\MUSIC\1 SMG & mkw\Honeyhop Galaxy - Super Mario Galaxy 2.mp3
Super Mario Galaxy 2,Inside the Drain Pipe,,1:12,192,44100,1.8,.mp3,E:\MUSIC\1 SMG & mkw\Inside the Drain Pipe - Super Mario Galaxy 2.mp3
Super Mario Galaxy 2,Major Burrows,,1:23,192,44100,2.0,.mp3,E:\MUSIC\1 SMG & mkw\Major Burrows - Super Mario Galaxy 2.mp3
Super Mario Galaxy 2,Megahammer,,2:15,192,44100,3.2,.mp3,E:\MUSIC\1 SMG & mkw\Megahammer - Super Mario Galaxy 2.mp3
Super Mario Galaxy 2,Melty Monster Galaxy,,2:28,192,44100,3.5,.mp3,E:\MUSIC\1 SMG & mkw\Melty Monster Galaxy - Super Mario Galaxy 2.mp3
Super Mario Galaxy 2,Overture,,1:26,192,44100,2.1,.mp3,E:\MUSIC\1 SMG & mkw\Overture - Super Mario Galaxy 2.mp3
Super Mario Galaxy 2,Peewee Piranha,,1:17,192,44100,1.9,.mp3,E:\MUSIC\1 SMG & mkw\Peewee Piranha - Super Mario Galaxy 2.mp3
Super Mario Galaxy 2,Power of the Stars,,0:06,191,44100,0.3,.mp3,E:\MUSIC\1 SMG & mkw\Power of the Stars - Super Mario Galaxy 2.mp3
Super Mario Galaxy 2,Power Star Get!,,0:11,192,44100,0.4,.mp3,E:\MUSIC\1 SMG & mkw\Power Star Get! - Super Mario Galaxy 2.mp3
Super Mario Galaxy 2,Precious One,,0:37,192,44100,1.0,.mp3,E:\MUSIC\1 SMG & mkw\Precious One - Super Mario Galaxy 2.mp3
Super Mario Galaxy 2,Purple Coins,,3:14,192,44100,4.6,.mp3,E:\MUSIC\1 SMG & mkw\Purple Coins - Super Mario Galaxy 2.mp3
Super Mario Galaxy 2,Puzzle Plank Galaxy,,2:10,192,44100,3.1,.mp3,E:\MUSIC\1 SMG & mkw\Puzzle Plank Galaxy - Super Mario Galaxy 2.mp3
Super Mario Galaxy 2,Rainbow Mario,,0:54,192,44100,1.4,.mp3,E:\MUSIC\1 SMG & mkw\Rainbow Mario - Super Mario Galaxy 2.mp3
Super Mario Galaxy 2,Rolling Coaster Galaxy (Idle),,2:52,192,44100,4.1,.mp3,E:\MUSIC\1 SMG & mkw\Rolling Coaster Galaxy (Idle) - Super Mario Galaxy 2.mp3
Super Mario Galaxy 2,Rosalina,,3:04,192,44100,4.4,.mp3,E:\MUSIC\1 SMG & mkw\Rosalina - Super Mario Galaxy 2.mp3
Super Mario Galaxy 2,Shiverburn Galaxy,,2:21,192,44100,3.4,.mp3,E:\MUSIC\1 SMG & mkw\Shiverburn Galaxy - Super Mario Galaxy 2.mp3
Super Mario Galaxy 2,Sky Station Galaxy,,2:27,192,44100,3.5,.mp3,E:\MUSIC\1 SMG & mkw\Sky Station Galaxy - Super Mario Galaxy 2.mp3
Super Mario Galaxy 2,Slider,,2:42,192,44100,3.9,.mp3,E:\MUSIC\1 SMG & mkw\Slider - Super Mario Galaxy 2.mp3
Super Mario Galaxy 2,Slimy Spring Galaxy,,1:33,192,44100,2.3,.mp3,E:\MUSIC\1 SMG & mkw\Slimy Spring Galaxy - Super Mario Galaxy 2.mp3
Super Mario Galaxy 2,Slipsand Galaxy,,3:08,192,44100,4.5,.mp3,E:\MUSIC\1 SMG & mkw\Slipsand Galaxy - Super Mario Galaxy 2.mp3
Super Mario Galaxy 2,Space Storm Galaxy,,3:02,192,44100,4.3,.mp3,E:\MUSIC\1 SMG & mkw\Space Storm Galaxy - Super Mario Galaxy 2.mp3
Super Mario Galaxy 2,Spin-Dig Galaxy,,2:48,192,44100,4.0,.mp3,E:\MUSIC\1 SMG & mkw\Spin-Dig Galaxy - Super Mario Galaxy 2.mp3
Super Mario Galaxy 2,Squizzard,,1:16,192,44100,1.9,.mp3,E:\MUSIC\1 SMG & mkw\Squizzard - Super Mario Galaxy 2.mp3
Super Mario Galaxy 2,Staff Credits,,3:50,192,44100,5.4,.mp3,E:\MUSIC\1 SMG & mkw\Staff Credits - Super Mario Galaxy 2.mp3
Super Mario Galaxy 2,Star Chance,,1:35,192,44100,2.3,.mp3,E:\MUSIC\1 SMG & mkw\Star Chance - Super Mario Galaxy 2.mp3
Super Mario Galaxy 2,Starshine Beach (Underwater),,1:47,192,44100,2.6,.mp3,E:\MUSIC\1 SMG & mkw\Starshine Beach (Underwater) - Super Mario Galaxy 2.mp3
Super Mario Galaxy 2,Starshine Beach (Yoshi),,3:19,192,44100,4.7,.mp3,E:\MUSIC\1 SMG & mkw\Starshine Beach (Yoshi) - Super Mario Galaxy 2.mp3
Super Mario Galaxy 2,Starshine Beach Galaxy,,3:11,192,44100,4.5,.mp3,E:\MUSIC\1 SMG & mkw\Starshine Beach Galaxy - Super Mario Galaxy 2.mp3
Super Mario Galaxy 2,Starship Mario 1,,2:06,192,44100,3.0,.mp3,E:\MUSIC\1 SMG & mkw\Starship Mario 1 - Super Mario Galaxy 2.mp3
Super Mario Galaxy 2,Starship Mario 2,,2:07,192,44100,3.1,.mp3,E:\MUSIC\1 SMG & mkw\Starship Mario 2 - Super Mario Galaxy 2.mp3
Super Mario Galaxy 2,Starship Mario 3,,2:06,192,44100,3.0,.mp3,E:\MUSIC\1 SMG & mkw\Starship Mario 3 - Super Mario Galaxy 2.mp3
Super Mario Galaxy 2,"Starship Mario, Launch!",,1:28,192,44100,2.2,.mp3,"E:\MUSIC\1 SMG & mkw\Starship Mario, Launch! - Super Mario Galaxy 2.mp3"
Super Mario Galaxy 2,Supermassive Galaxy,,2:33,192,44100,3.6,.mp3,E:\MUSIC\1 SMG & mkw\Supermassive Galaxy - Super Mario Galaxy 2.mp3
Super Mario Galaxy 2,Sweet Mystery (Yoshi),,2:29,192,44100,3.6,.mp3,E:\MUSIC\1 SMG & mkw\Sweet Mystery (Yoshi) - Super Mario Galaxy 2.mp3
Super Mario Galaxy 2,Sweet Mystery Galaxy,,1:24,192,44100,2.1,.mp3,E:\MUSIC\1 SMG & mkw\Sweet Mystery Galaxy - Super Mario Galaxy 2.mp3
Super Mario Galaxy 2,Teleporter,,0:40,192,44100,1.1,.mp3,E:\MUSIC\1 SMG & mkw\Teleporter - Super Mario Galaxy 2.mp3
Super Mario Galaxy 2,Tension,,0:38,192,44100,1.0,.mp3,E:\MUSIC\1 SMG & mkw\Tension - Super Mario Galaxy 2.mp3
Super Mario Galaxy 2,The Lost Luma,,0:36,192,44100,1.0,.mp3,E:\MUSIC\1 SMG & mkw\The Lost Luma - Super Mario Galaxy 2.mp3
Super Mario Galaxy 2,The Luma and the Hat,,1:52,192,44100,2.7,.mp3,E:\MUSIC\1 SMG & mkw\The Luma and the Hat - Super Mario Galaxy 2.mp3
Super Mario Galaxy 2,The Perfect Run 1,,3:54,192,44100,5.5,.mp3,E:\MUSIC\1 SMG & mkw\The Perfect Run 1 - Super Mario Galaxy 2.mp3
Super Mario Galaxy 2,The Perfect Run 2,,2:52,192,44100,4.1,.mp3,E:\MUSIC\1 SMG & mkw\The Perfect Run 2 - Super Mario Galaxy 2.mp3
Super Mario Galaxy 2,The Perfect Run 3,,2:36,192,44100,3.7,.mp3,E:\MUSIC\1 SMG & mkw\The Perfect Run 3 - Super Mario Galaxy 2.mp3
Super Mario Galaxy 2,The Starship Appears,,0:41,192,44100,1.1,.mp3,E:\MUSIC\1 SMG & mkw\The Starship Appears - Super Mario Galaxy 2.mp3
Super Mario Galaxy 2,The Starship Sails,,2:16,192,44100,3.3,.mp3,E:\MUSIC\1 SMG & mkw\The Starship Sails - Super Mario Galaxy 2.mp3
Super Mario Galaxy 2,Theme of Super Mario Galaxy 2,,2:00,192,44100,2.9,.mp3,E:\MUSIC\1 SMG & mkw\Theme of Super Mario Galaxy 2 - Super Mario Galaxy 2.mp3
Super Mario Galaxy 2,Throwback Galaxy,,2:32,192,44100,3.6,.mp3,E:\MUSIC\1 SMG & mkw\Throwback Galaxy - Super Mario Galaxy 2.mp3
Super Mario Galaxy 2,Time Attack,,3:27,192,44100,4.9,.mp3,E:\MUSIC\1 SMG & mkw\Time Attack - Super Mario Galaxy 2.mp3
Super Mario Galaxy 2,Time Attack (Yoshi),,3:30,192,44100,5.0,.mp3,E:\MUSIC\1 SMG & mkw\Time Attack (Yoshi) - Super Mario Galaxy 2.mp3
Super Mario Galaxy 2,Toad Brigade,,0:40,192,44100,1.1,.mp3,E:\MUSIC\1 SMG & mkw\Toad Brigade - Super Mario Galaxy 2.mp3
Super Mario Galaxy 2,Topman's Tower,,3:19,192,44100,4.7,.mp3,E:\MUSIC\1 SMG & mkw\Topman's Tower - Super Mario Galaxy 2.mp3
Super Mario Galaxy 2,Twisty Trials (Yoshi),,1:31,192,44100,2.2,.mp3,E:\MUSIC\1 SMG & mkw\Twisty Trials (Yoshi) - Super Mario Galaxy 2.mp3
Super Mario Galaxy 2,Unidentified Planet,,1:20,192,44100,2.0,.mp3,E:\MUSIC\1 SMG & mkw\Unidentified Planet - Super Mario Galaxy 2.mp3
Super Mario Galaxy 2,Upside Dizzy Galaxy,,1:15,192,44100,1.9,.mp3,E:\MUSIC\1 SMG & mkw\Upside Dizzy Galaxy - Super Mario Galaxy 2.mp3
Super Mario Galaxy 2,Warp Pipe Room,,1:00,192,44100,1.5,.mp3,E:\MUSIC\1 SMG & mkw\Warp Pipe Room - Super Mario Galaxy 2.mp3
Super Mario Galaxy 2,Warp Room (Yoshi),,0:23,192,44100,0.7,.mp3,E:\MUSIC\1 SMG & mkw\Warp Room (Yoshi) - Super Mario Galaxy 2.mp3
Super Mario Galaxy 2,Wii Channel,,0:04,191,44100,0.2,.mp3,E:\MUSIC\1 SMG & mkw\Wii Channel - Super Mario Galaxy 2.mp3
Super Mario Galaxy 2,Wild Glide Galaxy,,2:23,192,44100,3.4,.mp3,E:\MUSIC\1 SMG & mkw\Wild Glide Galaxy - Super Mario Galaxy 2.mp3
Super Mario Galaxy 2,World 1 & 2,,2:09,192,44100,3.1,.mp3,E:\MUSIC\1 SMG & mkw\World 1 & 2 - Super Mario Galaxy 2.mp3
Super Mario Galaxy 2,World 3,,1:57,192,44100,2.8,.mp3,E:\MUSIC\1 SMG & mkw\World 3 - Super Mario Galaxy 2.mp3
Super Mario Galaxy 2,World 4,,2:24,192,44100,3.4,.mp3,E:\MUSIC\1 SMG & mkw\World 4 - Super Mario Galaxy 2.mp3
Super Mario Galaxy 2,World 5,,1:59,192,44100,2.9,.mp3,E:\MUSIC\1 SMG & mkw\World 5 - Super Mario Galaxy 2.mp3
Super Mario Galaxy 2,World 6,,2:08,192,44100,3.1,.mp3,E:\MUSIC\1 SMG & mkw\World 6 - Super Mario Galaxy 2.mp3
Super Mario Galaxy 2,World S,,2:49,192,44100,4.0,.mp3,E:\MUSIC\1 SMG & mkw\World S - Super Mario Galaxy 2.mp3
Super Mario Galaxy 2,Yoshi Appears,,0:08,192,44100,0.3,.mp3,E:\MUSIC\1 SMG & mkw\Yoshi Appears - Super Mario Galaxy 2.mp3
Super Mario Galaxy 2,Yoshi Star Galaxy,,2:07,192,44100,3.1,.mp3,E:\MUSIC\1 SMG & mkw\Yoshi Star Galaxy - Super Mario Galaxy 2.mp3
Super Mario Galaxy 2,Yoshi Star Galaxy (Yoshi),,2:15,192,44100,3.2,.mp3,E:\MUSIC\1 SMG & mkw\Yoshi Star Galaxy (Yoshi) - Super Mario Galaxy 2.mp3
Wii Fit Music-Results 2,,,2:14,192,44100,3.1,.mp3,E:\MUSIC\1 SMG & mkw\Wii Fit Music-Results 2.mp3
Wii Fit Music-Results,,,1:50,192,44100,2.5,.mp3,E:\MUSIC\1 SMG & mkw\Wii Fit Music-Results.mp3
レインボーロード(ファイナルセクション)　BGM　マリオカート7,,,3:20,192,44100,4.7,.mp3,E:\MUSIC\1 SMG & mkw\レインボーロード(ファイナルセクション)　BGM　マリオカート7.mp3
New Super Mario Bros.,Castle Theme,,1:39,192,44100,2.3,.mp3,E:\MUSIC\1 SMG & mkw\Castle Theme - New Super Mario Bros..mp3
Mario Kart Wii,DS Delfino Square,,2:33,192,44100,3.6,.mp3,E:\MUSIC\1 SMG & mkw\DS Delfino Square - Mario Kart Wii.mp3
Deltarune (Extended),THE WORLD REVOLVING (Jevil's Theme),,10:06,192,44100,14.0,.mp3,E:\MUSIC\1 SMG & mkw\THE WORLD REVOLVING.mp3
「王座の間」 スターウォーズエンドロール曲 ED曲,,,7:35,192,44100,10.5,.mp3,E:\MUSIC\1 SMG & mkw\Throne Room.mp3
Realm Overworld,The Legend of Zelda: Spirit Tracks Music,,4:09,192,44100,5.7,.mp3,E:\MUSIC\1 SMG & mkw\The Legend of Zelda_ Spirit Tracks Music - Realm Overworld.mp3
ポケモンBW2 BGM 「戦闘！チャンピオンアイリス」,,,3:23,192,44100,4.8,.mp3,E:\MUSIC\1 SMG & mkw\戦闘！チャンピオンアイリス.mp3
,,,2:55,128,44100,2.7,.mp3,E:\MUSIC\1 SMG & mkw\citation from ‘joy to the world'.mp3
,,,1:48,128,44100,1.7,.mp3,E:\MUSIC\1 SMG & mkw\I am (報道ステーションテーマ曲).mp3
,,,3:09,128,44100,2.9,.mp3,E:\MUSIC\1 SMG & mkw\The Grand Finale - Mario   Luigi Bowser's Inside Story.mp3
,,,1:50,128,44100,1.7,.mp3,E:\MUSIC\1 SMG & mkw\猫叉Master+ [HD] 「nightbird lost wing」.mp3
,,,5:15,128,44100,4.9,.mp3,E:\MUSIC\1 SMG & mkw\Fading World - Imperial Tower.mp3
,,,5:00,128,44100,4.6,.mp3,E:\MUSIC\1 SMG & mkw\Binding of Isaac - Wrath of the Lamb OST My Innermost Apocalypse.mp3
Victory Fanfare 【勝利のファンファーレ】 [Final Fantasy X HD Remaster OST],010,,1:33,192,44100,2.3,.mp3,E:\MUSIC\1 SMG & mkw\Victory Fanfare.mp3
Immortal (2011),Thomas Bergersen,,4:15,192,44100,6.0,.mp3,E:\MUSIC\1 SMG & mkw\Immortal .mp3
Town - The Bliss of the Twilight,Etrian Odyssey 4 Soundtrack,,1:57,192,44100,2.8,.mp3,E:\MUSIC\3 Etrian Odyssey 4\Etrian Odyssey 4 Soundtrack - Town - The Bliss of the Twilight.mp3
Unrest - Scatter About,Etrian Odyssey 4 Soundtrack,,2:51,192,44100,4.0,.mp3,E:\MUSIC\3 Etrian Odyssey 4\Etrian Odyssey 4 Soundtrack - Unrest - Scatter About.mp3
Unrest - The Burning Crimson Sword Dances,Etrian Odyssey 4 Soundtrack,,6:43,192,44100,9.4,.mp3,E:\MUSIC\3 Etrian Odyssey 4\Etrian Odyssey 4 Soundtrack - Unrest - The Burning Crimson Sword Dances.mp3
Unrest - The End of Raging Winds,Etrian Odyssey 4 Soundtrack,,6:17,192,44100,8.8,.mp3,E:\MUSIC\3 Etrian Odyssey 4\Etrian Odyssey 4 Soundtrack - Unrest - The End of Raging Winds.mp3
Unrest - The Legend's Successor,Etrian Odyssey 4 Soundtrack,,8:49,192,44100,12.3,.mp3,E:\MUSIC\3 Etrian Odyssey 4\Etrian Odyssey 4 Soundtrack - Unrest - The Legend's Successor.mp3
Until the Day You Soar Again,Etrian Odyssey 4 Soundtrack,,0:27,192,44100,0.7,.mp3,E:\MUSIC\3 Etrian Odyssey 4\Etrian Odyssey 4 Soundtrack - Until the Day You Soar Again.mp3
Your Adventure Has Ended,Etrian Odyssey 4 Soundtrack,,3:48,192,44100,5.4,.mp3,E:\MUSIC\3 Etrian Odyssey 4\Etrian Odyssey 4 Soundtrack - Your Adventure Has Ended.mp3
A Brief Respite,Etrian Odyssey 4 Soundtrack,,1:51,192,44100,2.7,.mp3,E:\MUSIC\3 Etrian Odyssey 4\Etrian Odyssey 4 Soundtrack - A Brief Respite.mp3
Area I - Windy Plains,Etrian Odyssey 4 Soundtrack,,6:05,192,44100,8.5,.mp3,E:\MUSIC\3 Etrian Odyssey 4\Etrian Odyssey 4 Soundtrack - Area I - Windy Plains.mp3
Area II - The Red Stone Forest,Etrian Odyssey 4 Soundtrack,,5:37,192,44100,7.9,.mp3,E:\MUSIC\3 Etrian Odyssey 4\Etrian Odyssey 4 Soundtrack - Area II - The Red Stone Forest.mp3
Area III - Sacred Mountain of Silver Wind,Etrian Odyssey 4 Soundtrack,,6:12,192,44100,8.7,.mp3,E:\MUSIC\3 Etrian Odyssey 4\Etrian Odyssey 4 Soundtrack - Area III - Sacred Mountain of Silver Wind.mp3
Area IV - The Land Beyond the Clouds,Etrian Odyssey 4 Soundtrack,,7:18,192,44100,10.2,.mp3,E:\MUSIC\3 Etrian Odyssey 4\Etrian Odyssey 4 Soundtrack - Area IV - The Land Beyond the Clouds.mp3
Battlefield - Faith is My Pillar,Etrian Odyssey 4 Soundtrack,,3:21,192,44100,4.8,.mp3,E:\MUSIC\3 Etrian Odyssey 4\Etrian Odyssey 4 Soundtrack - Battlefield - Faith is My Pillar.mp3
Battlefield - Storm,Etrian Odyssey 4 Soundtrack,,6:59,192,44100,9.8,.mp3,E:\MUSIC\3 Etrian Odyssey 4\Etrian Odyssey 4 Soundtrack - Battlefield - Storm.mp3
Battlefield - The Fall of the Final Enemy,Etrian Odyssey 4 Soundtrack,,4:07,192,44100,5.8,.mp3,E:\MUSIC\3 Etrian Odyssey 4\Etrian Odyssey 4 Soundtrack - Battlefield - The Fall of the Final Enemy.mp3
Battlefield - With Eyes Blazing,Etrian Odyssey 4 Soundtrack,,4:26,192,44100,6.1,.mp3,E:\MUSIC\3 Etrian Odyssey 4\Etrian Odyssey 4 Soundtrack - Battlefield - With Eyes Blazing.mp3
Get the Treasure,Etrian Odyssey 4 Soundtrack,,0:42,192,44100,1.1,.mp3,E:\MUSIC\3 Etrian Odyssey 4\Etrian Odyssey 4 Soundtrack - Get the Treasure.mp3
Labyrinth I - Cerulean Woodlands,Etrian Odyssey 4 Soundtrack,,5:51,192,44100,8.2,.mp3,E:\MUSIC\3 Etrian Odyssey 4\Etrian Odyssey 4 Soundtrack - Labyrinth I - Cerulean Woodlands.mp3
Labyrinth II - Misty Ravine,Etrian Odyssey 4 Soundtrack,,6:27,192,44100,9.0,.mp3,E:\MUSIC\3 Etrian Odyssey 4\Etrian Odyssey 4 Soundtrack - Labyrinth II - Misty Ravine.mp3
Labyrinth III - Grotto of the Adamantine Beast,Etrian Odyssey 4 Soundtrack,,7:29,192,44100,10.4,.mp3,E:\MUSIC\3 Etrian Odyssey 4\Etrian Odyssey 4 Soundtrack - Labyrinth III - Grotto of the Adamantine Beast.mp3
Labyrinth IV - Library of Puppets,Etrian Odyssey 4 Soundtrack,,5:28,192,44100,7.7,.mp3,E:\MUSIC\3 Etrian Odyssey 4\Etrian Odyssey 4 Soundtrack - Labyrinth IV - Library of Puppets.mp3
Labyrinth V - City of Radiant Ruin,Etrian Odyssey 4 Soundtrack,,6:24,192,44100,9.0,.mp3,E:\MUSIC\3 Etrian Odyssey 4\Etrian Odyssey 4 Soundtrack - Labyrinth V - City of Radiant Ruin.mp3
Labyrinth VI - Den of the Dark Realm,Etrian Odyssey 4 Soundtrack,,7:27,192,44100,10.4,.mp3,E:\MUSIC\3 Etrian Odyssey 4\Etrian Odyssey 4 Soundtrack - Labyrinth VI - Den of the Dark Realm.mp3
Minor Labyrinth I - The Undiscovered Realm,Etrian Odyssey 4 Soundtrack,,3:14,192,44100,4.5,.mp3,E:\MUSIC\3 Etrian Odyssey 4\Etrian Odyssey 4 Soundtrack - Minor Labyrinth I - The Undiscovered Realm.mp3
Minor Labyrinth II - Lead Astray in the Lost Woods,Etrian Odyssey 4 Soundtrack,,3:13,192,44100,4.6,.mp3,E:\MUSIC\3 Etrian Odyssey 4\Etrian Odyssey 4 Soundtrack - Minor Labyrinth II - Lead Astray in the Lost Woods.mp3
Minor Labyrinth III - A Cave of Exciting New Encounters,Etrian Odyssey 4 Soundtrack,,4:15,192,44100,6.0,.mp3,E:\MUSIC\3 Etrian Odyssey 4\Etrian Odyssey 4 Soundtrack - Minor Labyrinth III - A Cave of Exciting New Encounters.mp3
Minor Labyrinth IV - Ruins Touched by the Memories of the Ancient,Etrian Odyssey 4 Soundtrack,,2:52,192,44100,4.1,.mp3,E:\MUSIC\3 Etrian Odyssey 4\Etrian Odyssey 4 Soundtrack - Minor Labyrinth IV - Ruins Touched by the Memories of the Ancient.mp3
On an Adventure Gliding Through the Skies,Etrian Odyssey 4 Soundtrack,,2:28,192,44100,3.5,.mp3,E:\MUSIC\3 Etrian Odyssey 4\Etrian Odyssey 4 Soundtrack - On an Adventure Gliding Through the Skies.mp3
Reward,Etrian Odyssey 4 Soundtrack,,0:10,192,44100,0.4,.mp3,E:\MUSIC\3 Etrian Odyssey 4\Etrian Odyssey 4 Soundtrack - Reward.mp3
Scene - A Chance Meeting,Etrian Odyssey 4 Soundtrack,,1:42,192,44100,2.5,.mp3,E:\MUSIC\3 Etrian Odyssey 4\Etrian Odyssey 4 Soundtrack - Scene - A Chance Meeting.mp3
Scene - Imminent Calamity,Etrian Odyssey 4 Soundtrack,,0:45,192,44100,1.2,.mp3,E:\MUSIC\3 Etrian Odyssey 4\Etrian Odyssey 4 Soundtrack - Scene - Imminent Calamity.mp3
Scene - The Ancient Oath,Etrian Odyssey 4 Soundtrack,,1:35,192,44100,2.3,.mp3,E:\MUSIC\3 Etrian Odyssey 4\Etrian Odyssey 4 Soundtrack - Scene - The Ancient Oath.mp3
Scene - The Silent Wind Blows,Etrian Odyssey 4 Soundtrack,,1:00,192,44100,1.5,.mp3,E:\MUSIC\3 Etrian Odyssey 4\Etrian Odyssey 4 Soundtrack - Scene - The Silent Wind Blows.mp3
The Relentless Melody,Etrian Odyssey 4 Soundtrack,,6:56,192,44100,9.7,.mp3,E:\MUSIC\3 Etrian Odyssey 4\Etrian Odyssey 4 Soundtrack - The Relentless Melody.mp3
Town - A Town Embraced by the Azure Sky,Etrian Odyssey 4 Soundtrack,,2:25,192,44100,3.5,.mp3,E:\MUSIC\3 Etrian Odyssey 4\Etrian Odyssey 4 Soundtrack - Town - A Town Embraced by the Azure Sky.mp3
Town - Engraved are the Names that Will Resound Tomorrow,Etrian Odyssey 4 Soundtrack,,1:55,192,44100,2.8,.mp3,E:\MUSIC\3 Etrian Odyssey 4\Etrian Odyssey 4 Soundtrack - Town - Engraved are the Names that Will Resound Tomorrow.mp3
Town - Margarita's Afternoon,Etrian Odyssey 4 Soundtrack,,0:43,192,44100,1.1,.mp3,E:\MUSIC\3 Etrian Odyssey 4\Etrian Odyssey 4 Soundtrack - Town - Margarita's Afternoon.mp3
,,,5:41,128,44100,5.3,.mp3,E:\MUSIC\5 Ytube music 2021~ music preference\Last Train Home.mp3
,,,2:27,128,44100,2.3,.mp3,E:\MUSIC\5 Ytube music 2021~ music preference\The Coasters   Sh Boom Life Could Be A Dream.mp3
,,,9:23,128,44100,8.7,.mp3,E:\MUSIC\5 Ytube music 2021~ music preference\[Reupload]【東方ボーカル】 「Fall In The Dark」 【ShibayanRecords】【Subbed】.mp3
,,,15:00,128,44100,13.8,.mp3,E:\MUSIC\5 Ytube music 2021~ music preference\【スマブラ】MUTE CITY（スマブラXver）【15分耐久】.mp3
,,,2:15,128,44100,2.1,.mp3,E:\MUSIC\5 Ytube music 2021~ music preference\【神曲イース8 BGM】14 - LOST IN GREEN.mp3
,,,3:58,128,44100,3.7,.mp3,E:\MUSIC\5 Ytube music 2021~ music preference\Circle-Vision 2 - Tokyo Disneyland Tomorrowland.mp3
,,,4:41,128,44100,4.4,.mp3,E:\MUSIC\5 Ytube music 2021~ music preference\Euclase.mp3
,,,3:55,128,44100,3.6,.mp3,E:\MUSIC\5 Ytube music 2021~ music preference\Mariah Carey - All I Want For Christmas Is You (Official Video).mp3
,,,7:17,128,44100,6.7,.mp3,E:\MUSIC\5 Ytube music 2021~ music preference\Moon Over The Castle (GT7 Full Version).mp3
,,,5:46,128,44100,5.4,.mp3,E:\MUSIC\5 Ytube music 2021~ music preference\シーモアバトル.mp3
,,,5:00,128,44100,4.6,.mp3,E:\MUSIC\5 Ytube music 2021~ music preference\ずっと真夜中でいいのに。『マイノリティ脈絡』 (ZUTOMAYO - Minority Myakuraku)（Audio Track）.mp3
,,,1:57,128,44100,1.9,.mp3,E:\MUSIC\5 Ytube music 2021~ music preference\放課後の音楽室 2006.mp3
,,,5:26,128,44100,5.1,.mp3,E:\MUSIC\5 Ytube music 2021~ music preference\Steve Jablonsky - Arrival To Earth (Official Audio).mp3
,,,3:36,128,44100,3.4,.mp3,E:\MUSIC\5 Ytube music 2021~ music preference\いきものがかり 『ブルーバード』Music Video.mp3
,,,4:51,128,44100,4.5,.mp3,E:\MUSIC\5 Ytube music 2021~ music preference\プリンセス プリンセス　『Diamonds ＜ダイアモンド＞』.mp3
,,,4:01,128,44100,3.7,.mp3,E:\MUSIC\5 Ytube music 2021~ music preference\King Gnu - SPECIALZ.mp3
,,,4:31,128,44100,4.2,.mp3,E:\MUSIC\5 Ytube music 2021~ music preference\Neon Genesis Evangelion - Fly me to the moon..mp3
,,,3:53,128,44100,3.6,.mp3,E:\MUSIC\5 Ytube music 2021~ music preference\SEKAI NO OWARI「最高到達点」.mp3
,,,5:27,128,44100,5.1,.mp3,E:\MUSIC\5 Ytube music 2021~ music preference\Stay With Me (Extended Version).mp3
,,,5:05,128,44100,4.7,.mp3,E:\MUSIC\5 Ytube music 2021~ music preference\This is The Dream (1145) [Unused track] by Shiro SAGISU ― Evangelion 3.0+1.0 OST.【TH   ENG Lyrics】.mp3
,,,4:29,128,44100,4.2,.mp3,E:\MUSIC\5 Ytube music 2021~ music preference\いきものがかり 『気まぐれロマンティック』Music Video.mp3
,,,4:59,128,44100,4.6,.mp3,E:\MUSIC\5 Ytube music 2021~ music preference\ヘッドライト・テールライト.mp3
,,,3:20,128,44100,3.1,.mp3,E:\MUSIC\5 Ytube music 2021~ music preference\山口百恵　ささやかな欲望.mp3
,,,5:00,128,44100,4.6,.mp3,E:\MUSIC\5 Ytube music 2021~ music preference\Pokémon Omega Ruby   Alpha Sapphire - Zinnia Battle Music (HQ).mp3
,,,4:13,128,44100,3.9,.mp3,E:\MUSIC\5 Ytube music 2021~ music preference\Fight For Liberty.mp3
,,,4:16,128,44100,4.0,.mp3,E:\MUSIC\5 Ytube music 2021~ music preference\山口百恵　いい日旅立ち.mp3
Procession,Queen,Queen II,1:12,4615,96000,41.6,.flac,E:\MUSIC\Queen II\01-Procession.flac
Father To Son,Queen,Queen II,6:13,4615,96000,207.6,.flac,E:\MUSIC\Queen II\02-Father To Son.flac
White Queen (As It Began),Queen,Queen II,4:35,4615,96000,153.6,.flac,E:\MUSIC\Queen II\03-White Queen (As It Began).flac
Some Day One Day,Queen,Queen II,4:22,4615,96000,146.1,.flac,E:\MUSIC\Queen II\04-Some Day One Day.flac
The Loser In The End,Queen,Queen II,4:06,4615,96000,137.3,.flac,E:\MUSIC\Queen II\05-The Loser In The End.flac
Ogre Battle,Queen,Queen II,4:08,4615,96000,138.6,.flac,E:\MUSIC\Queen II\06-Ogre Battle.flac
The Fairy Feller's Master-Stroke,Queen,Queen II,2:40,4615,96000,90.5,.flac,E:\MUSIC\Queen II\07-The Fairy Feller's Master-Stroke.flac
Nevermore,Queen,Queen II,1:18,4615,96000,45.2,.flac,E:\MUSIC\Queen II\08-Nevermore.flac
The March Of The Black Queen (2011 Mix),Queen,Queen II,6:32,4615,96000,218.1,.flac,E:\MUSIC\Queen II\09-The March Of The Black Queen (2011 Mix).flac
Funny How Love Is,Queen,Queen II,2:51,4615,96000,96.1,.flac,E:\MUSIC\Queen II\10-Funny How Love Is.flac
Seven Seas Of Rhye,Queen,Queen II,2:46,4615,96000,93.7,.flac,E:\MUSIC\Queen II\11-Seven Seas Of Rhye.flac
"【東方原曲】永夜抄「月まで届け、不死の煙」(Reach for the Moon, Immortal Smoke)【高音質】.mp4",,,5:46,192,44100,8.0,.mp3,E:\MUSIC\4 Ytube  2020 music preference\月まで届け、不死の煙.mp3
悠悠華夏韻,【中國風】極致中國風,,71:38,192,44100,98.5,.mp3,E:\MUSIC\4 Ytube  2020 music preference\悠悠華夏韻.mp3
【東方原曲】風神録「ネイティブフェイス」(Native Faith) 【高音質】.mp4,,,4:56,192,44100,6.9,.mp3,E:\MUSIC\4 Ytube  2020 music preference\ネイティブフェイス.mp3
One Piece opening 6 Full HD,,,3:57,192,44100,5.5,.mp3,E:\MUSIC\4 Ytube  2020 music preference\One Piece opening 6 Full HD.mp3
東方アレンジ          「東方音銃夢」,,,2:04,192,44100,2.9,.mp3,E:\MUSIC\4 Ytube  2020 music preference\東方アレンジ          「東方音銃夢」.mp3
Come Alive,The Greatest Showman Cast,,3:46,192,44100,5.3,.mp3,E:\MUSIC\4 Ytube  2020 music preference\The Greatest Showman Cast - Come Alive.mp3
This Is Me,The Greatest Showman Cast,,3:54,192,44100,5.5,.mp3,E:\MUSIC\4 Ytube  2020 music preference\The Greatest Showman Cast - This Is Me.mp3
When You Wish Upon A Star,Lexi Walker,,4:12,192,44100,5.9,.mp3,E:\MUSIC\4 Ytube  2020 music preference\Lexi Walker - When You Wish Upon A Star.mp3
【勉強用・作業用BGM】α波で超集中・記憶力アップ【波の音×オルゴール】,,,120:00,192,44100,164.8,.mp3,E:\MUSIC\4 Ytube  2020 music preference\【勉強用・作業用BGM】α波で超集中・記憶力アップ【波の音×オルゴール】.mp3
【立体音響】聞き疲れしにくい 砂浜の波音　The sound of sandy beach,,,40:50,192,44100,56.2,.mp3,E:\MUSIC\4 Ytube  2020 music preference\【立体音響】聞き疲れしにくい 砂浜の波音　The sound of sandy beach.mp3
Bugle Call Rag,Benny Goodman,,3:02,192,44100,4.2,.mp3,E:\MUSIC\4 Ytube  2020 music preference\Benny Goodman - Bugle Call Rag.mp3
(作業用)チィリン降臨！道中BGM 1時間ver[パズドラ],,,60:29,192,44100,83.2,.mp3,E:\MUSIC\4 Ytube  2020 music preference\(作業用)チィリン降臨！道中BGM 1時間ver[パズドラ].mp3
【リラックス脳波】 美しい雨の音 3時間 【ヒーリング】 Sound of Rain 3 Hours,,,180:00,192,44100,247.2,.mp3,E:\MUSIC\4 Ytube  2020 music preference\【リラックス脳波】 美しい雨の音 3時間 【ヒーリング】 Sound of Rain 3 Hours.mp3
【作業用BGM】沖縄の海とカモメと波の音/Healing and Relaxing 2 hours,,,119:59,192,44100,164.8,.mp3,E:\MUSIC\4 Ytube  2020 music preference\【作業用BGM】沖縄の海とカモメと波の音_Healing and Relaxing 2 hours.mp3
ビシエドチャンテの威圧感マジ半端ない。,,,2:20,192,44100,3.4,.mp3,E:\MUSIC\4 Ytube  2020 music preference\ビシエドチャンテの威圧感マジ半端ない。.mp3
中日ドラゴンズ チャンステーマ1（狙い撃ち）,,,3:45,192,44100,5.3,.mp3,E:\MUSIC\4 Ytube  2020 music preference\中日ドラゴンズ チャンステーマ1（狙い撃ち）.mp3
【1時間】眠れない時、集中したい時に・・・　列車車内音　電車車内音　睡眠用・勉強用・読書用,,,60:08,192,44100,82.7,.mp3,E:\MUSIC\4 Ytube  2020 music preference\【1時間】眠れない時、集中したい時に・・・　列車車内音　電車車内音　睡眠用・勉強用・読書用.mp3
【AMBITIOUS JAPAN】東海道新幹線 のぞみ号 新大阪～東京間 自動放送 (字幕付き),,,13:38,192,44100,18.9,.mp3,E:\MUSIC\4 Ytube  2020 music preference\【AMBITIOUS JAPAN】東海道新幹線 のぞみ号 新大阪～東京間 自動放送 (字幕付き).mp3
,,,1:34,320,44100,3.6,.mp3,E:\MUSIC\4 Ytube  2020 music preference\[とび森]AM3時[BGM].mp3
,,,1:39,320,44100,3.8,.mp3,E:\MUSIC\4 Ytube  2020 music preference\[とび森]AM8時[BGM].mp3
,,,1:10,320,44100,2.7,.mp3,E:\MUSIC\4 Ytube  2020 music preference\[とび森]AM9時[BGM].mp3
,,,3:25,125,44100,3.1,.m4a,E:\MUSIC\4 Ytube  2020 music preference\涙そうそう.m4a
,,,4:08,125,44100,3.8,.m4a,E:\MUSIC\4 Ytube  2020 music preference\Blood Red Moon 「Alter Synth」.m4a
,,,3:01,125,44100,2.7,.m4a,E:\MUSIC\4 Ytube  2020 music preference\【電波人間のRPG FREE!】ボス戦BGM「大ボスバトルFREE!」.m4a
,,,1:36,320,44100,3.7,.mp3,E:\MUSIC\4 Ytube  2020 music preference\[とび森]AM10時[BGM].mp3
,,,1:38,320,44100,3.7,.mp3,E:\MUSIC\4 Ytube  2020 music preference\[とび森]AM11時[BGM].mp3
[DSM] Beach Town 15 minutes,pmfi,Beach Town,15:00,320,44100,34.3,.mp3,E:\MUSIC\4 Ytube  2020 music preference\Beach Town .mp3
"The Greatest Showman | ""Come Alive"" Lyric Video | Fox Family Entertainment",,,5:12,192,44100,7.3,.mp3,E:\MUSIC\4 Ytube  2020 music preference\Come Alive .mp3
,,,52:29,127,44100,48.6,.m4a,E:\MUSIC\4 Ytube  2020 music preference\Disney Land in Tokyo Entrance.m4a
,,,2:04,125,44100,1.9,.m4a,E:\MUSIC\4 Ytube  2020 music preference\Eva Quatre mains from EVANGELION 3.0.m4a
,,,2:55,128,44100,2.7,.m4a,E:\MUSIC\4 Ytube  2020 music preference\Beethoven - Für Elise.m4a
★ Studio Ghibli Cello Collection,,,29:23,192,44100,40.4,.mp3,E:\MUSIC\4 Ytube  2020 music preference\Ghibli Cello Collection.mp3
"One Piece Opening 16 ""Hands Up!""  Full Version (HD)",,,4:09,192,44100,5.9,.mp3,E:\MUSIC\4 Ytube  2020 music preference\Hands Up!.mp3
,,,91:24,127,44100,84.6,.m4a,E:\MUSIC\4 Ytube  2020 music preference\HAUSER.m4a
Namie Amuro - Hope,One Piece,,4:01,192,44100,5.6,.mp3,E:\MUSIC\4 Ytube  2020 music preference\Hope.mp3
,,,3:05,127,44100,2.9,.m4a,E:\MUSIC\4 Ytube  2020 music preference\Hopes and Dreams Acapella ⭐.m4a
Hopes and Dreams,Undertale Ost: 087,,3:01,192,44100,4.2,.mp3,E:\MUSIC\4 Ytube  2020 music preference\Undertale Ost_ 087 - Hopes and Dreams.mp3
,,,2:23,125,44100,2.2,.m4a,E:\MUSIC\4 Ytube  2020 music preference\Hungarian Dance No.5.m4a
"Jump Up, Super Star!",Super Mario Odyssey,,4:09,192,44100,5.8,.mp3,"E:\MUSIC\4 Ytube  2020 music preference\Jump Up, Super Star!.mp3"
FROZEN | Let It Go Sing-along | Official Disney UK,,,4:02,192,44100,5.7,.mp3,E:\MUSIC\4 Ytube  2020 music preference\Let It Go.mp3
◆ Lupin III Theme '80 (Jazz Orchestra) live ver.,,,5:49,192,44100,8.0,.mp3,E:\MUSIC\4 Ytube  2020 music preference\◆ Lupin III Theme '80 .mp3
Lupin the Third (English Vocal version),,,3:57,192,44100,5.5,.mp3,E:\MUSIC\4 Ytube  2020 music preference\Lupin the Third (English Vocal version).mp3
,,,4:06,127,44100,3.8,.m4a,E:\MUSIC\4 Ytube  2020 music preference\Mozart Overture - 'Le nozze di Figaro'.m4a
,,,3:44,125,44100,3.4,.m4a,E:\MUSIC\4 Ytube  2020 music preference\knight of nights.m4a
,,,55:31,125,44100,50.4,.m4a,E:\MUSIC\4 Ytube  2020 music preference\Norah Jones .m4a
,,,3:17,320,44100,7.6,.mp3,E:\MUSIC\4 Ytube  2020 music preference\Live While We're Young.mp3
,,,4:07,320,44100,9.5,.mp3,E:\MUSIC\4 Ytube  2020 music preference\Story of My Life.mp3
,,,1:42,320,44100,3.9,.mp3,E:\MUSIC\4 Ytube  2020 music preference\[とび森]PM0時[BGM].mp3
,,,1:38,320,44100,3.7,.mp3,E:\MUSIC\4 Ytube  2020 music preference\[とび森]PM1時[BGM].mp3
,,,1:45,320,44100,4.0,.mp3,E:\MUSIC\4 Ytube  2020 music preference\[とび森]PM2時[BGM].mp3
,,,1:12,320,44100,2.8,.mp3,E:\MUSIC\4 Ytube  2020 music preference\[とび森]PM3時[BGM].mp3
,,,1:44,320,44100,4.0,.mp3,E:\MUSIC\4 Ytube  2020 music preference\[とび森]PM4時[BGM].mp3
,,,2:34,320,44100,5.9,.mp3,E:\MUSIC\4 Ytube  2020 music preference\[とび森]PM5時[BGM].mp3
,,,1:42,320,44100,3.9,.mp3,E:\MUSIC\4 Ytube  2020 music preference\[とび森]PM6時[BGM].mp3
,,,1:37,320,44100,3.7,.mp3,E:\MUSIC\4 Ytube  2020 music preference\[とび森]PM8時[BGM].mp3
,,,1:48,320,44100,4.1,.mp3,E:\MUSIC\4 Ytube  2020 music preference\[とび森]PM9時[BGM].mp3
,,,1:26,320,44100,3.3,.mp3,E:\MUSIC\4 Ytube  2020 music preference\[とび森]PM10時[BGM].mp3
,,,2:16,320,44100,5.2,.mp3,E:\MUSIC\4 Ytube  2020 music preference\[とび森]PM11時[BGM].mp3
,,,2:32,125,44100,2.3,.m4a,E:\MUSIC\4 Ytube  2020 music preference\【hosnm4536】超絶技巧「クシコスポスト」（Transcendental Csikos Post）.m4a
ラプソディー・イン・ブルー　バーンスタイン　1976,,,16:35,192,44100,22.8,.mp3,E:\MUSIC\4 Ytube  2020 music preference\rhapsody in blue.mp3
,,,3:10,320,44100,7.3,.mp3,E:\MUSIC\4 Ytube  2020 music preference\Rupin Piano.mp3
,,,5:05,125,44100,4.6,.m4a,E:\MUSIC\4 Ytube  2020 music preference\Sing Sing Sing .m4a
,,,2:33,320,44100,5.8,.mp3,E:\MUSIC\4 Ytube  2020 music preference\Summer .mp3
,,,2:39,320,44100,6.1,.mp3,E:\MUSIC\4 Ytube  2020 music preference\That Summer.mp3
,,,4:18,125,44100,3.9,.m4a,E:\MUSIC\4 Ytube  2020 music preference\Pegboard Nerds - OSCar [Monstercat Release].m4a
,,,3:03,320,44100,7.0,.mp3,E:\MUSIC\4 Ytube  2020 music preference\Top of the world .mp3
TRIGGER★HAPPY,P*Light,,2:00,192,44100,2.9,.mp3,E:\MUSIC\4 Ytube  2020 music preference\P_Light - TRIGGER★HAPPY.mp3
,,,3:21,320,44100,7.7,.mp3,E:\MUSIC\4 Ytube  2020 music preference\We Are Never Ever Getting Back Together lyrics.mp3
Evangelion:2.0 You Can (Not) Advance (Thai & English Lyrics),"""The Final Decision We All Must Take""",,4:49,192,44100,6.7,.mp3,E:\MUSIC\4 Ytube  2020 music preference\The Final Decision We All Must Take - Evangelion_2.0 You Can (Not) Advance (Thai & English Lyrics).mp3
,,,3:55,320,44100,9.0,.mp3,E:\MUSIC\4 Ytube  2020 music preference\Yesterday Once More .mp3
,,,4:34,125,44100,4.2,.m4a,E:\MUSIC\4 Ytube  2020 music preference\You Raise Me Up.m4a
異国情緒溢れる　アコーディオン音楽集【作業用BGM】民族音楽　街　怪しい　Accordion Music,,,19:57,192,44100,27.5,.mp3,E:\MUSIC\4 Ytube  2020 music preference\Accordion Music.mp3
踊りたくなる　楽しい　ケルト音楽集　【作業用BGM】Celtic Music,,,22:39,192,44100,31.2,.mp3,E:\MUSIC\4 Ytube  2020 music preference\Celtic Music.mp3
,,,3:19,320,44100,7.6,.mp3,E:\MUSIC\4 Ytube  2020 music preference\Pavarotti - Nessun Dorma 1994 (High Quality With Lyrics).mp3
,,,10:00,125,44100,9.1,.m4a,E:\MUSIC\4 Ytube  2020 music preference\パズドラ 壊滅級BGM 【道中･ボス戦】.m4a
,,,4:05,127,44100,3.8,.m4a,E:\MUSIC\4 Ytube  2020 music preference\君をのせて.m4a
Music: Heaven's Rock Seat,Etrian Odyssey II: Heroes of Lagaard,,4:33,192,44100,6.3,.mp3,E:\MUSIC\4 Ytube  2020 music preference\Etrian Odyssey II_ Heroes of Lagaard - Music_ Heaven's Rock Seat.mp3
Final Boss,Etrian Odyssey Nexus [世界樹の迷宮X],,5:25,192,44100,7.7,.mp3,E:\MUSIC\4 Ytube  2020 music preference\Etrian Odyssey Nexus [世界樹の迷宮X] - Final Boss.mp3
